[
    {
        "IdDireccion": 1,
        "Direccion": "Calle 1",
        "Numero": 100,
        "Ciudad": "Ciudad1",
        "Provincia": "Provincia1",
        "Pais": "Argentina"
    },
    {
        "IdDireccion": 2,
        "Direccion": "Calle 2",
        "Numero": 101,
        "Ciudad": "Ciudad2",
        "Provincia": "Provincia2",
        "Pais": "Argentina"
    },
    {
        "IdDireccion": 3,
        "Direccion": "Calle 3",
        "Numero": 102,
        "Ciudad": "Ciudad3",
        "Provincia": "Provincia3",
        "Pais": "Argentina"
    },
    {
        "IdDireccion": 4,
        "Direccion": "Calle 4",
        "Numero": 103,
        "Ciudad": "Ciudad4",
        "Provincia": "Provincia4",
        "Pais": "Argentina"
    },
    {
        "IdDireccion": 5,
        "Direccion": "Calle 5",
        "Numero": 104,
        "Ciudad": "Ciudad5",
        "Provincia": "Provincia5",
        "Pais": "Argentina"
    },
    {
        "IdDireccion": 6,
        "Direccion": "Calle 6",
        "Numero": 105,
        "Ciudad": "Ciudad6",
        "Provincia": "Provincia6",
        "Pais": "Argentina"
    },
    {
        "IdDireccion": 7,
        "Direccion": "Calle 7",
        "Numero": 106,
        "Ciudad": "Ciudad7",
        "Provincia": "Provincia7",
        "Pais": "Argentina"
    },
    {
        "IdDireccion": 8,
        "Direccion": "Calle 8",
        "Numero": 107,
        "Ciudad": "Ciudad8",
        "Provincia": "Provincia8",
        "Pais": "Argentina"
    },
    {
        "IdDireccion": 9,
        "Direccion": "Calle 9",
        "Numero": 108,
        "Ciudad": "Ciudad9",
        "Provincia": "Provincia9",
        "Pais": "Argentina"
    },
    {
        "IdDireccion": 10,
        "Direccion": "Calle 10",
        "Numero": 109,
        "Ciudad": "Ciudad10",
        "Provincia": "Provincia10",
        "Pais": "Argentina"
    },
    {
        "IdDireccion": 11,
        "Direccion": "Calle 11",
        "Numero": 110,
        "Ciudad": "Ciudad11",
        "Provincia": "Provincia11",
        "Pais": "Argentina"
    },
    {
        "IdDireccion": 12,
        "Direccion": "Calle 12",
        "Numero": 111,
        "Ciudad": "Ciudad12",
        "Provincia": "Provincia12",
        "Pais": "Argentina"
    },
    {
        "IdDireccion": 13,
        "Direccion": "Calle 13",
        "Numero": 112,
        "Ciudad": "Ciudad13",
        "Provincia": "Provincia13",
        "Pais": "Argentina"
    },
    {
        "IdDireccion": 14,
        "Direccion": "Calle 14",
        "Numero": 113,
        "Ciudad": "Ciudad14",
        "Provincia": "Provincia14",
        "Pais": "Argentina"
    },
    {
        "IdDireccion": 15,
        "Direccion": "Calle 15",
        "Numero": 114,
        "Ciudad": "Ciudad15",
        "Provincia": "Provincia15",
        "Pais": "Argentina"
    }
]