[
    {
        "IdOS": 1,
        "NombreOS": "OS Salud 1"
    },
    {
        "IdOS": 2,
        "NombreOS": "OS Salud 2"
    },
    {
        "IdOS": 3,
        "NombreOS": "OS Salud 3"
    },
    {
        "IdOS": 4,
        "NombreOS": "OS Salud 4"
    },
    {
        "IdOS": 5,
        "NombreOS": "OS Salud 5"
    },
    {
        "IdOS": 6,
        "NombreOS": "OS Salud 6"
    },
    {
        "IdOS": 7,
        "NombreOS": "OS Salud 7"
    },
    {
        "IdOS": 8,
        "NombreOS": "OS Salud 8"
    },
    {
        "IdOS": 9,
        "NombreOS": "OS Salud 9"
    },
    {
        "IdOS": 10,
        "NombreOS": "OS Salud 10"
    },
    {
        "IdOS": 11,
        "NombreOS": "OS Salud 11"
    },
    {
        "IdOS": 12,
        "NombreOS": "OS Salud 12"
    },
    {
        "IdOS": 13,
        "NombreOS": "OS Salud 13"
    },
    {
        "IdOS": 14,
        "NombreOS": "OS Salud 14"
    },
    {
        "IdOS": 15,
        "NombreOS": "OS Salud 15"
    }
]