[
    {
        "IdPaciente": 1,
        "IdUsuario": 1,
        "IdOS": 1,
        "IdDireccion": 1,
        "FechaNac": "1990-01-01",
        "Genero": "Hombre",
        "DNI": 12345678,
        "EstadoCivil": "Soltero",
        "Habilitado": true
    },
    {
        "IdPaciente": 2,
        "IdUsuario": 2,
        "IdOS": 2,
        "IdDireccion": 2,
        "FechaNac": "1990-01-02",
        "Genero": "Mujer",
        "DNI": 12345679,
        "EstadoCivil": "Casado",
        "Habilitado": true
    },
    {
        "IdPaciente": 3,
        "IdUsuario": 3,
        "IdOS": 3,
        "IdDireccion": 3,
        "FechaNac": "1990-01-03",
        "Genero": "Hombre",
        "DNI": 12345680,
        "EstadoCivil": "Soltero",
        "Habilitado": true
    },
    {
        "IdPaciente": 4,
        "IdUsuario": 4,
        "IdOS": 4,
        "IdDireccion": 4,
        "FechaNac": "1990-01-04",
        "Genero": "Mujer",
        "DNI": 12345681,
        "EstadoCivil": "Casado",
        "Habilitado": true
    },
    {
        "IdPaciente": 5,
        "IdUsuario": 5,
        "IdOS": 5,
        "IdDireccion": 5,
        "FechaNac": "1990-01-05",
        "Genero": "Hombre",
        "DNI": 12345682,
        "EstadoCivil": "Soltero",
        "Habilitado": true
    },
    {
        "IdPaciente": 6,
        "IdUsuario": 6,
        "IdOS": 6,
        "IdDireccion": 6,
        "FechaNac": "1990-01-06",
        "Genero": "Mujer",
        "DNI": 12345683,
        "EstadoCivil": "Casado",
        "Habilitado": true
    },
    {
        "IdPaciente": 7,
        "IdUsuario": 7,
        "IdOS": 7,
        "IdDireccion": 7,
        "FechaNac": "1990-01-07",
        "Genero": "Hombre",
        "DNI": 12345684,
        "EstadoCivil": "Soltero",
        "Habilitado": true
    },
    {
        "IdPaciente": 8,
        "IdUsuario": 8,
        "IdOS": 8,
        "IdDireccion": 8,
        "FechaNac": "1990-01-08",
        "Genero": "Mujer",
        "DNI": 12345685,
        "EstadoCivil": "Casado",
        "Habilitado": true
    },
    {
        "IdPaciente": 9,
        "IdUsuario": 9,
        "IdOS": 9,
        "IdDireccion": 9,
        "FechaNac": "1990-01-09",
        "Genero": "Hombre",
        "DNI": 12345686,
        "EstadoCivil": "Soltero",
        "Habilitado": true
    },
    {
        "IdPaciente": 10,
        "IdUsuario": 10,
        "IdOS": 10,
        "IdDireccion": 10,
        "FechaNac": "1990-01-10",
        "Genero": "Mujer",
        "DNI": 12345687,
        "EstadoCivil": "Casado",
        "Habilitado": true
    },
    {
        "IdPaciente": 11,
        "IdUsuario": 11,
        "IdOS": 11,
        "IdDireccion": 11,
        "FechaNac": "1990-01-11",
        "Genero": "Hombre",
        "DNI": 12345688,
        "EstadoCivil": "Soltero",
        "Habilitado": true
    },
    {
        "IdPaciente": 12,
        "IdUsuario": 12,
        "IdOS": 12,
        "IdDireccion": 12,
        "FechaNac": "1990-01-12",
        "Genero": "Mujer",
        "DNI": 12345689,
        "EstadoCivil": "Casado",
        "Habilitado": true
    },
    {
        "IdPaciente": 13,
        "IdUsuario": 13,
        "IdOS": 13,
        "IdDireccion": 13,
        "FechaNac": "1990-01-13",
        "Genero": "Hombre",
        "DNI": 12345690,
        "EstadoCivil": "Soltero",
        "Habilitado": true
    },
    {
        "IdPaciente": 14,
        "IdUsuario": 14,
        "IdOS": 14,
        "IdDireccion": 14,
        "FechaNac": "1990-01-14",
        "Genero": "Mujer",
        "DNI": 12345691,
        "EstadoCivil": "Casado",
        "Habilitado": true
    },
    {
        "IdPaciente": 15,
        "IdUsuario": 15,
        "IdOS": 15,
        "IdDireccion": 15,
        "FechaNac": "1990-01-15",
        "Genero": "Hombre",
        "DNI": 12345692,
        "EstadoCivil": "Soltero",
        "Habilitado": true
    }
]