[
    {
        "IdPlan": 1,
        "IdOS": 1,
        "NombrePlan": "Plan B\u00e1sico 1",
        "TipoHabitacion": "Compartida",
        "HorasInternacion": 24
    },
    {
        "IdPlan": 2,
        "IdOS": 2,
        "NombrePlan": "Plan B\u00e1sico 2",
        "TipoHabitacion": "Individual",
        "HorasInternacion": 36
    },
    {
        "IdPlan": 3,
        "IdOS": 3,
        "NombrePlan": "Plan B\u00e1sico 3",
        "TipoHabitacion": "Compartida",
        "HorasInternacion": 48
    },
    {
        "IdPlan": 4,
        "IdOS": 4,
        "NombrePlan": "Plan B\u00e1sico 4",
        "TipoHabitacion": "Individual",
        "HorasInternacion": 24
    },
    {
        "IdPlan": 5,
        "IdOS": 5,
        "NombrePlan": "Plan B\u00e1sico 5",
        "TipoHabitacion": "Compartida",
        "HorasInternacion": 36
    },
    {
        "IdPlan": 6,
        "IdOS": 6,
        "NombrePlan": "Plan B\u00e1sico 6",
        "TipoHabitacion": "Individual",
        "HorasInternacion": 48
    },
    {
        "IdPlan": 7,
        "IdOS": 7,
        "NombrePlan": "Plan B\u00e1sico 7",
        "TipoHabitacion": "Compartida",
        "HorasInternacion": 24
    },
    {
        "IdPlan": 8,
        "IdOS": 8,
        "NombrePlan": "Plan B\u00e1sico 8",
        "TipoHabitacion": "Individual",
        "HorasInternacion": 36
    },
    {
        "IdPlan": 9,
        "IdOS": 9,
        "NombrePlan": "Plan B\u00e1sico 9",
        "TipoHabitacion": "Compartida",
        "HorasInternacion": 48
    },
    {
        "IdPlan": 10,
        "IdOS": 10,
        "NombrePlan": "Plan B\u00e1sico 10",
        "TipoHabitacion": "Individual",
        "HorasInternacion": 24
    },
    {
        "IdPlan": 11,
        "IdOS": 11,
        "NombrePlan": "Plan B\u00e1sico 11",
        "TipoHabitacion": "Compartida",
        "HorasInternacion": 36
    },
    {
        "IdPlan": 12,
        "IdOS": 12,
        "NombrePlan": "Plan B\u00e1sico 12",
        "TipoHabitacion": "Individual",
        "HorasInternacion": 48
    },
    {
        "IdPlan": 13,
        "IdOS": 13,
        "NombrePlan": "Plan B\u00e1sico 13",
        "TipoHabitacion": "Compartida",
        "HorasInternacion": 24
    },
    {
        "IdPlan": 14,
        "IdOS": 14,
        "NombrePlan": "Plan B\u00e1sico 14",
        "TipoHabitacion": "Individual",
        "HorasInternacion": 36
    },
    {
        "IdPlan": 15,
        "IdOS": 15,
        "NombrePlan": "Plan B\u00e1sico 15",
        "TipoHabitacion": "Compartida",
        "HorasInternacion": 48
    }
]