[
    {
        "IdPaciente": 1,
        "TipoSolicitud": "Urgencia",
        "EstadoSolicitud": "Abierta",
        "MotivoSolicitud": "Dolor abdominal intenso",
        "observacion_cierre": null
    },
    {
        "IdPaciente": 2,
        "TipoSolicitud": "Programada",
        "EstadoSolicitud": "Abierta",
        "MotivoSolicitud": "Cirugía ortopédica",
        "observacion_cierre": null
    },
    {
        "IdPaciente": 3,
        "TipoSolicitud": "Urgencia",
        "EstadoSolicitud": "En espera",
        "MotivoSolicitud": "Descompensación cardíaca",
        "observacion_cierre": null
    },
    {
        "IdPaciente": 4,
        "TipoSolicitud": "Programada",
        "EstadoSolicitud": "Abierta",
        "MotivoSolicitud": "Tratamiento postoperatorio",
        "observacion_cierre": null
    },
    {
        "IdPaciente": 5,
        "TipoSolicitud": "Reprogramada",
        "EstadoSolicitud": "Abierta",
        "MotivoSolicitud": "Chequeo general",
        "observacion_cierre": null
    },
    {
        "IdPaciente": 6,
        "TipoSolicitud": "Urgencia",
        "EstadoSolicitud": "Abierta",
        "MotivoSolicitud": "Traumatismo craneal",
        "observacion_cierre": null
    },
    {
        "IdPaciente": 7,
        "TipoSolicitud": "Programada",
        "EstadoSolicitud": "Abierta",
        "MotivoSolicitud": "Cirugía de rodilla",
        "observacion_cierre": null
    },
    {
        "IdPaciente": 8,
        "TipoSolicitud": "Urgencia",
        "EstadoSolicitud": "Cerrada",
        "MotivoSolicitud": "Neumonía grave",
        "observacion_cierre": "Alta médica concedida"
    },
    {
        "IdPaciente": 9,
        "TipoSolicitud": "Programada",
        "EstadoSolicitud": "Abierta",
        "MotivoSolicitud": "Evaluación neurológica",
        "observacion_cierre": null
    },
    {
        "IdPaciente": 10,
        "TipoSolicitud": "Reprogramada",
        "EstadoSolicitud": "En espera",
        "MotivoSolicitud": "Terapia de rehabilitación",
        "observacion_cierre": null
    },
    {
        "IdPaciente": 11,
        "TipoSolicitud": "Urgencia",
        "EstadoSolicitud": "Abierta",
        "MotivoSolicitud": "Accidente doméstico",
        "observacion_cierre": null
    },
    {
        "IdPaciente": 12,
        "TipoSolicitud": "Programada",
        "EstadoSolicitud": "Abierta",
        "MotivoSolicitud": "Revisión post cirugía",
        "observacion_cierre": null
    },
    {
        "IdPaciente": 13,
        "TipoSolicitud": "Urgencia",
        "EstadoSolicitud": "Abierta",
        "MotivoSolicitud": "Dolor torácico agudo",
        "observacion_cierre": null
    },
    {
        "IdPaciente": 14,
        "TipoSolicitud": "Programada",
        "EstadoSolicitud": "Cerrada",
        "MotivoSolicitud": "Tratamiento odontológico",
        "observacion_cierre": "Procedimiento completado"
    },
    {
        "IdPaciente": 15,
        "TipoSolicitud": "Reprogramada",
        "EstadoSolicitud": "Abierta",
        "MotivoSolicitud": "Evaluación psicológica",
        "observacion_cierre": null
    }
]
