[
    {
        "IdUsuario": 1,
        "IdRol": 2,
        "Usuario": "usuario1",
        "Clave": "hashedpass1",
        "Habilitado": true,
        "Nombre": "Nombre1",
        "Apellido": "Apellido1",
        "Email": "email1@mail.com",
        "Telefono": 1123456000
    },
    {
        "IdUsuario": 2,
        "IdRol": 2,
        "Usuario": "usuario2",
        "Clave": "hashedpass2",
        "Habilitado": true,
        "Nombre": "Nombre2",
        "Apellido": "Apellido2",
        "Email": "email2@mail.com",
        "Telefono": 1123456001
    },
    {
        "IdUsuario": 3,
        "IdRol": 2,
        "Usuario": "usuario3",
        "Clave": "hashedpass3",
        "Habilitado": true,
        "Nombre": "Nombre3",
        "Apellido": "Apellido3",
        "Email": "email3@mail.com",
        "Telefono": 1123456002
    },
    {
        "IdUsuario": 4,
        "IdRol": 2,
        "Usuario": "usuario4",
        "Clave": "hashedpass4",
        "Habilitado": true,
        "Nombre": "Nombre4",
        "Apellido": "Apellido4",
        "Email": "email4@mail.com",
        "Telefono": 1123456003
    },
    {
        "IdUsuario": 5,
        "IdRol": 2,
        "Usuario": "usuario5",
        "Clave": "hashedpass5",
        "Habilitado": true,
        "Nombre": "Nombre5",
        "Apellido": "Apellido5",
        "Email": "email5@mail.com",
        "Telefono": 1123456004
    },
    {
        "IdUsuario": 6,
        "IdRol": 2,
        "Usuario": "usuario6",
        "Clave": "hashedpass6",
        "Habilitado": true,
        "Nombre": "Nombre6",
        "Apellido": "Apellido6",
        "Email": "email6@mail.com",
        "Telefono": 1123456005
    },
    {
        "IdUsuario": 7,
        "IdRol": 2,
        "Usuario": "usuario7",
        "Clave": "hashedpass7",
        "Habilitado": true,
        "Nombre": "Nombre7",
        "Apellido": "Apellido7",
        "Email": "email7@mail.com",
        "Telefono": 1123456006
    },
    {
        "IdUsuario": 8,
        "IdRol": 2,
        "Usuario": "usuario8",
        "Clave": "hashedpass8",
        "Habilitado": true,
        "Nombre": "Nombre8",
        "Apellido": "Apellido8",
        "Email": "email8@mail.com",
        "Telefono": 1123456007
    },
    {
        "IdUsuario": 9,
        "IdRol": 2,
        "Usuario": "usuario9",
        "Clave": "hashedpass9",
        "Habilitado": true,
        "Nombre": "Nombre9",
        "Apellido": "Apellido9",
        "Email": "email9@mail.com",
        "Telefono": 1123456008
    },
    {
        "IdUsuario": 10,
        "IdRol": 2,
        "Usuario": "usuario10",
        "Clave": "hashedpass10",
        "Habilitado": true,
        "Nombre": "Nombre10",
        "Apellido": "Apellido10",
        "Email": "email10@mail.com",
        "Telefono": 1123456009
    },
    {
        "IdUsuario": 11,
        "IdRol": 2,
        "Usuario": "usuario11",
        "Clave": "hashedpass11",
        "Habilitado": true,
        "Nombre": "Nombre11",
        "Apellido": "Apellido11",
        "Email": "email11@mail.com",
        "Telefono": 1123456010
    },
    {
        "IdUsuario": 12,
        "IdRol": 2,
        "Usuario": "usuario12",
        "Clave": "hashedpass12",
        "Habilitado": true,
        "Nombre": "Nombre12",
        "Apellido": "Apellido12",
        "Email": "email12@mail.com",
        "Telefono": 1123456011
    },
    {
        "IdUsuario": 13,
        "IdRol": 2,
        "Usuario": "usuario13",
        "Clave": "hashedpass13",
        "Habilitado": true,
        "Nombre": "Nombre13",
        "Apellido": "Apellido13",
        "Email": "email13@mail.com",
        "Telefono": 1123456012
    },
    {
        "IdUsuario": 14,
        "IdRol": 2,
        "Usuario": "usuario14",
        "Clave": "hashedpass14",
        "Habilitado": true,
        "Nombre": "Nombre14",
        "Apellido": "Apellido14",
        "Email": "email14@mail.com",
        "Telefono": 1123456013
    },
    {
        "IdUsuario": 15,
        "IdRol": 2,
        "Usuario": "usuario15",
        "Clave": "hashedpass15",
        "Habilitado": true,
        "Nombre": "Nombre15",
        "Apellido": "Apellido15",
        "Email": "email15@mail.com",
        "Telefono": 1123456014
    },
    {
        "IdUsuario": 16,
        "IdRol": 1,
        "Usuario": "usuario16",
        "Clave": "hashedpass16",
        "Habilitado": true,
        "Nombre": "Nombre16",
        "Apellido": "Apellido16",
        "Email": "email16@mail.com",
        "Telefono": 1123456015
    },
    {
        "IdUsuario": 17,
        "IdRol": 1,
        "Usuario": "usuario17",
        "Clave": "hashedpass17",
        "Habilitado": true,
        "Nombre": "Nombre17",
        "Apellido": "Apellido17",
        "Email": "email17@mail.com",
        "Telefono": 1123456016
    },
    {
        "IdUsuario": 18,
        "IdRol": 3,
        "Usuario": "usuario18",
        "Clave": "hashedpass18",
        "Habilitado": true,
        "Nombre": "Nombre18",
        "Apellido": "Apellido18",
        "Email": "email18@mail.com",
        "Telefono": 1123456017
    },
    {
        "IdUsuario": 19,
        "IdRol": 4,
        "Usuario": "usuario19",
        "Clave": "hashedpass19",
        "Habilitado": true,
        "Nombre": "Nombre19",
        "Apellido": "Apellido19",
        "Email": "email19@mail.com",
        "Telefono": 1123456018
    },
    {
        "IdUsuario": 20,
        "IdRol": 4,
        "Usuario": "usuario20",
        "Clave": "hashedpass20",
        "Habilitado": true,
        "Nombre": "Nombre20",
        "Apellido": "Apellido20",
        "Email": "email20@mail.com",
        "Telefono": 1123456019
    }
]