[
    {
        "IdCama": 1,
        "IdHabitacion": 1,
        "NumeroCama": 1,
        "EstadoCama": "Disponible",
        "Habilitada": true
    },
    {
        "IdCama": 2,
        "IdHabitacion": 1,
        "NumeroCama": 2,
        "EstadoCama": "Disponible",
        "Habilitada": true
    },
    {
        "IdCama": 3,
        "IdHabitacion": 2,
        "NumeroCama": 3,
        "EstadoCama": "Disponible",
        "Habilitada": true
    },
    {
        "IdCama": 4,
        "IdHabitacion": 2,
        "NumeroCama": 4,
        "EstadoCama": "Disponible",
        "Habilitada": true
    },
    {
        "IdCama": 5,
        "IdHabitacion": 3,
        "NumeroCama": 5,
        "EstadoCama": "Disponible",
        "Habilitada": true
    },
    {
        "IdCama": 6,
        "IdHabitacion": 3,
        "NumeroCama": 6,
        "EstadoCama": "Disponible",
        "Habilitada": true
    },
    {
        "IdCama": 7,
        "IdHabitacion": 4,
        "NumeroCama": 7,
        "EstadoCama": "Disponible",
        "Habilitada": true
    },
    {
        "IdCama": 8,
        "IdHabitacion": 4,
        "NumeroCama": 8,
        "EstadoCama": "Disponible",
        "Habilitada": true
    },
    {
        "IdCama": 9,
        "IdHabitacion": 5,
        "NumeroCama": 9,
        "EstadoCama": "Disponible",
        "Habilitada": true
    },
    {
        "IdCama": 10,
        "IdHabitacion": 5,
        "NumeroCama": 10,
        "EstadoCama": "Disponible",
        "Habilitada": true
    },
    {
        "IdCama": 11,
        "IdHabitacion": 6,
        "NumeroCama": 11,
        "EstadoCama": "Disponible",
        "Habilitada": true
    },
    {
        "IdCama": 12,
        "IdHabitacion": 6,
        "NumeroCama": 12,
        "EstadoCama": "Disponible",
        "Habilitada": true
    },
    {
        "IdCama": 13,
        "IdHabitacion": 7,
        "NumeroCama": 13,
        "EstadoCama": "Disponible",
        "Habilitada": true
    },
    {
        "IdCama": 14,
        "IdHabitacion": 7,
        "NumeroCama": 14,
        "EstadoCama": "Disponible",
        "Habilitada": true
    },
    {
        "IdCama": 15,
        "IdHabitacion": 8,
        "NumeroCama": 15,
        "EstadoCama": "Disponible",
        "Habilitada": true
    },
    {
        "IdCama": 16,
        "IdHabitacion": 8,
        "NumeroCama": 16,
        "EstadoCama": "Disponible",
        "Habilitada": true
    },
    {
        "IdCama": 17,
        "IdHabitacion": 9,
        "NumeroCama": 17,
        "EstadoCama": "Disponible",
        "Habilitada": true
    },
    {
        "IdCama": 18,
        "IdHabitacion": 9,
        "NumeroCama": 18,
        "EstadoCama": "Disponible",
        "Habilitada": true
    },
    {
        "IdCama": 19,
        "IdHabitacion": 10,
        "NumeroCama": 19,
        "EstadoCama": "Disponible",
        "Habilitada": true
    },
    {
        "IdCama": 20,
        "IdHabitacion": 10,
        "NumeroCama": 20,
        "EstadoCama": "Disponible",
        "Habilitada": true
    },
    {
        "IdCama": 21,
        "IdHabitacion": 11,
        "NumeroCama": 21,
        "EstadoCama": "Disponible",
        "Habilitada": true
    },
    {
        "IdCama": 22,
        "IdHabitacion": 11,
        "NumeroCama": 22,
        "EstadoCama": "Disponible",
        "Habilitada": true
    },
    {
        "IdCama": 23,
        "IdHabitacion": 12,
        "NumeroCama": 23,
        "EstadoCama": "Disponible",
        "Habilitada": true
    },
    {
        "IdCama": 24,
        "IdHabitacion": 12,
        "NumeroCama": 24,
        "EstadoCama": "Disponible",
        "Habilitada": true
    },
    {
        "IdCama": 25,
        "IdHabitacion": 13,
        "NumeroCama": 25,
        "EstadoCama": "Disponible",
        "Habilitada": true
    },
    {
        "IdCama": 26,
        "IdHabitacion": 13,
        "NumeroCama": 26,
        "EstadoCama": "Disponible",
        "Habilitada": true
    },
    {
        "IdCama": 27,
        "IdHabitacion": 14,
        "NumeroCama": 27,
        "EstadoCama": "Disponible",
        "Habilitada": true
    },
    {
        "IdCama": 28,
        "IdHabitacion": 14,
        "NumeroCama": 28,
        "EstadoCama": "Disponible",
        "Habilitada": true
    },
    {
        "IdCama": 29,
        "IdHabitacion": 15,
        "NumeroCama": 29,
        "EstadoCama": "Disponible",
        "Habilitada": true
    },
    {
        "IdCama": 30,
        "IdHabitacion": 15,
        "NumeroCama": 30,
        "EstadoCama": "Disponible",
        "Habilitada": true
    },
    {
        "IdCama": 31,
        "IdHabitacion": 16,
        "NumeroCama": 31,
        "EstadoCama": "Disponible",
        "Habilitada": true
    },
    {
        "IdCama": 32,
        "IdHabitacion": 16,
        "NumeroCama": 32,
        "EstadoCama": "Disponible",
        "Habilitada": true
    },
    {
        "IdCama": 33,
        "IdHabitacion": 17,
        "NumeroCama": 33,
        "EstadoCama": "Disponible",
        "Habilitada": true
    },
    {
        "IdCama": 34,
        "IdHabitacion": 17,
        "NumeroCama": 34,
        "EstadoCama": "Disponible",
        "Habilitada": true
    },
    {
        "IdCama": 35,
        "IdHabitacion": 18,
        "NumeroCama": 35,
        "EstadoCama": "Disponible",
        "Habilitada": true
    },
    {
        "IdCama": 36,
        "IdHabitacion": 18,
        "NumeroCama": 36,
        "EstadoCama": "Disponible",
        "Habilitada": true
    },
    {
        "IdCama": 37,
        "IdHabitacion": 19,
        "NumeroCama": 37,
        "EstadoCama": "Disponible",
        "Habilitada": true
    },
    {
        "IdCama": 38,
        "IdHabitacion": 19,
        "NumeroCama": 38,
        "EstadoCama": "Disponible",
        "Habilitada": true
    },
    {
        "IdCama": 39,
        "IdHabitacion": 20,
        "NumeroCama": 39,
        "EstadoCama": "Disponible",
        "Habilitada": true
    },
    {
        "IdCama": 40,
        "IdHabitacion": 20,
        "NumeroCama": 40,
        "EstadoCama": "Disponible",
        "Habilitada": true
    },
    {
        "IdCama": 41,
        "IdHabitacion": 21,
        "NumeroCama": 41,
        "EstadoCama": "Disponible",
        "Habilitada": true
    },
    {
        "IdCama": 42,
        "IdHabitacion": 21,
        "NumeroCama": 42,
        "EstadoCama": "Disponible",
        "Habilitada": true
    },
    {
        "IdCama": 43,
        "IdHabitacion": 22,
        "NumeroCama": 43,
        "EstadoCama": "Disponible",
        "Habilitada": true
    },
    {
        "IdCama": 44,
        "IdHabitacion": 22,
        "NumeroCama": 44,
        "EstadoCama": "Disponible",
        "Habilitada": true
    },
    {
        "IdCama": 45,
        "IdHabitacion": 23,
        "NumeroCama": 45,
        "EstadoCama": "Disponible",
        "Habilitada": true
    },
    {
        "IdCama": 46,
        "IdHabitacion": 23,
        "NumeroCama": 46,
        "EstadoCama": "Disponible",
        "Habilitada": true
    },
    {
        "IdCama": 47,
        "IdHabitacion": 24,
        "NumeroCama": 47,
        "EstadoCama": "Disponible",
        "Habilitada": true
    },
    {
        "IdCama": 48,
        "IdHabitacion": 24,
        "NumeroCama": 48,
        "EstadoCama": "Disponible",
        "Habilitada": true
    },
    {
        "IdCama": 49,
        "IdHabitacion": 25,
        "NumeroCama": 49,
        "EstadoCama": "Disponible",
        "Habilitada": true
    },
    {
        "IdCama": 50,
        "IdHabitacion": 25,
        "NumeroCama": 50,
        "EstadoCama": "Disponible",
        "Habilitada": true
    },
    {
        "IdCama": 51,
        "IdHabitacion": 26,
        "NumeroCama": 51,
        "EstadoCama": "Disponible",
        "Habilitada": true
    },
    {
        "IdCama": 52,
        "IdHabitacion": 26,
        "NumeroCama": 52,
        "EstadoCama": "Disponible",
        "Habilitada": true
    },
    {
        "IdCama": 53,
        "IdHabitacion": 27,
        "NumeroCama": 53,
        "EstadoCama": "Disponible",
        "Habilitada": true
    },
    {
        "IdCama": 54,
        "IdHabitacion": 27,
        "NumeroCama": 54,
        "EstadoCama": "Disponible",
        "Habilitada": true
    },
    {
        "IdCama": 55,
        "IdHabitacion": 28,
        "NumeroCama": 55,
        "EstadoCama": "Disponible",
        "Habilitada": true
    },
    {
        "IdCama": 56,
        "IdHabitacion": 28,
        "NumeroCama": 56,
        "EstadoCama": "Disponible",
        "Habilitada": true
    },
    {
        "IdCama": 57,
        "IdHabitacion": 29,
        "NumeroCama": 57,
        "EstadoCama": "Disponible",
        "Habilitada": true
    },
    {
        "IdCama": 58,
        "IdHabitacion": 29,
        "NumeroCama": 58,
        "EstadoCama": "Disponible",
        "Habilitada": true
    },
    {
        "IdCama": 59,
        "IdHabitacion": 30,
        "NumeroCama": 59,
        "EstadoCama": "Disponible",
        "Habilitada": true
    },
    {
        "IdCama": 60,
        "IdHabitacion": 30,
        "NumeroCama": 60,
        "EstadoCama": "Disponible",
        "Habilitada": true
    },
    {
        "IdCama": 61,
        "IdHabitacion": 31,
        "NumeroCama": 61,
        "EstadoCama": "Disponible",
        "Habilitada": true
    },
    {
        "IdCama": 62,
        "IdHabitacion": 31,
        "NumeroCama": 62,
        "EstadoCama": "Disponible",
        "Habilitada": true
    },
    {
        "IdCama": 63,
        "IdHabitacion": 32,
        "NumeroCama": 63,
        "EstadoCama": "Disponible",
        "Habilitada": true
    },
    {
        "IdCama": 64,
        "IdHabitacion": 32,
        "NumeroCama": 64,
        "EstadoCama": "Disponible",
        "Habilitada": true
    },
    {
        "IdCama": 65,
        "IdHabitacion": 33,
        "NumeroCama": 65,
        "EstadoCama": "Disponible",
        "Habilitada": true
    },
    {
        "IdCama": 66,
        "IdHabitacion": 33,
        "NumeroCama": 66,
        "EstadoCama": "Disponible",
        "Habilitada": true
    },
    {
        "IdCama": 67,
        "IdHabitacion": 34,
        "NumeroCama": 67,
        "EstadoCama": "Disponible",
        "Habilitada": true
    },
    {
        "IdCama": 68,
        "IdHabitacion": 34,
        "NumeroCama": 68,
        "EstadoCama": "Disponible",
        "Habilitada": true
    },
    {
        "IdCama": 69,
        "IdHabitacion": 35,
        "NumeroCama": 69,
        "EstadoCama": "Disponible",
        "Habilitada": true
    },
    {
        "IdCama": 70,
        "IdHabitacion": 35,
        "NumeroCama": 70,
        "EstadoCama": "Disponible",
        "Habilitada": true
    },
    {
        "IdCama": 71,
        "IdHabitacion": 36,
        "NumeroCama": 71,
        "EstadoCama": "Disponible",
        "Habilitada": true
    },
    {
        "IdCama": 72,
        "IdHabitacion": 36,
        "NumeroCama": 72,
        "EstadoCama": "Disponible",
        "Habilitada": true
    },
    {
        "IdCama": 73,
        "IdHabitacion": 37,
        "NumeroCama": 73,
        "EstadoCama": "Disponible",
        "Habilitada": true
    },
    {
        "IdCama": 74,
        "IdHabitacion": 37,
        "NumeroCama": 74,
        "EstadoCama": "Disponible",
        "Habilitada": true
    },
    {
        "IdCama": 75,
        "IdHabitacion": 38,
        "NumeroCama": 75,
        "EstadoCama": "Disponible",
        "Habilitada": true
    },
    {
        "IdCama": 76,
        "IdHabitacion": 38,
        "NumeroCama": 76,
        "EstadoCama": "Disponible",
        "Habilitada": true
    },
    {
        "IdCama": 77,
        "IdHabitacion": 39,
        "NumeroCama": 77,
        "EstadoCama": "Disponible",
        "Habilitada": true
    },
    {
        "IdCama": 78,
        "IdHabitacion": 39,
        "NumeroCama": 78,
        "EstadoCama": "Disponible",
        "Habilitada": true
    },
    {
        "IdCama": 79,
        "IdHabitacion": 40,
        "NumeroCama": 79,
        "EstadoCama": "Disponible",
        "Habilitada": true
    },
    {
        "IdCama": 80,
        "IdHabitacion": 40,
        "NumeroCama": 80,
        "EstadoCama": "Disponible",
        "Habilitada": true
    },
    {
        "IdCama": 81,
        "IdHabitacion": 41,
        "NumeroCama": 81,
        "EstadoCama": "Disponible",
        "Habilitada": true
    },
    {
        "IdCama": 82,
        "IdHabitacion": 41,
        "NumeroCama": 82,
        "EstadoCama": "Disponible",
        "Habilitada": true
    },
    {
        "IdCama": 83,
        "IdHabitacion": 42,
        "NumeroCama": 83,
        "EstadoCama": "Disponible",
        "Habilitada": true
    },
    {
        "IdCama": 84,
        "IdHabitacion": 42,
        "NumeroCama": 84,
        "EstadoCama": "Disponible",
        "Habilitada": true
    },
    {
        "IdCama": 85,
        "IdHabitacion": 43,
        "NumeroCama": 85,
        "EstadoCama": "Disponible",
        "Habilitada": true
    },
    {
        "IdCama": 86,
        "IdHabitacion": 43,
        "NumeroCama": 86,
        "EstadoCama": "Disponible",
        "Habilitada": true
    },
    {
        "IdCama": 87,
        "IdHabitacion": 44,
        "NumeroCama": 87,
        "EstadoCama": "Disponible",
        "Habilitada": true
    },
    {
        "IdCama": 88,
        "IdHabitacion": 44,
        "NumeroCama": 88,
        "EstadoCama": "Disponible",
        "Habilitada": true
    },
    {
        "IdCama": 89,
        "IdHabitacion": 45,
        "NumeroCama": 89,
        "EstadoCama": "Disponible",
        "Habilitada": true
    },
    {
        "IdCama": 90,
        "IdHabitacion": 45,
        "NumeroCama": 90,
        "EstadoCama": "Disponible",
        "Habilitada": true
    },
    {
        "IdCama": 91,
        "IdHabitacion": 46,
        "NumeroCama": 91,
        "EstadoCama": "Disponible",
        "Habilitada": true
    },
    {
        "IdCama": 92,
        "IdHabitacion": 46,
        "NumeroCama": 92,
        "EstadoCama": "Disponible",
        "Habilitada": true
    },
    {
        "IdCama": 93,
        "IdHabitacion": 47,
        "NumeroCama": 93,
        "EstadoCama": "Disponible",
        "Habilitada": true
    },
    {
        "IdCama": 94,
        "IdHabitacion": 47,
        "NumeroCama": 94,
        "EstadoCama": "Disponible",
        "Habilitada": true
    },
    {
        "IdCama": 95,
        "IdHabitacion": 48,
        "NumeroCama": 95,
        "EstadoCama": "Disponible",
        "Habilitada": true
    },
    {
        "IdCama": 96,
        "IdHabitacion": 48,
        "NumeroCama": 96,
        "EstadoCama": "Disponible",
        "Habilitada": true
    },
    {
        "IdCama": 97,
        "IdHabitacion": 49,
        "NumeroCama": 97,
        "EstadoCama": "Disponible",
        "Habilitada": true
    },
    {
        "IdCama": 98,
        "IdHabitacion": 49,
        "NumeroCama": 98,
        "EstadoCama": "Disponible",
        "Habilitada": true
    },
    {
        "IdCama": 99,
        "IdHabitacion": 50,
        "NumeroCama": 99,
        "EstadoCama": "Disponible",
        "Habilitada": true
    },
    {
        "IdCama": 100,
        "IdHabitacion": 50,
        "NumeroCama": 100,
        "EstadoCama": "Disponible",
        "Habilitada": true
    },
    {
        "IdCama": 101,
        "IdHabitacion": 51,
        "NumeroCama": 101,
        "EstadoCama": "Disponible",
        "Habilitada": true
    },
    {
        "IdCama": 102,
        "IdHabitacion": 52,
        "NumeroCama": 102,
        "EstadoCama": "Disponible",
        "Habilitada": true
    },
    {
        "IdCama": 103,
        "IdHabitacion": 53,
        "NumeroCama": 103,
        "EstadoCama": "Disponible",
        "Habilitada": true
    },
    {
        "IdCama": 104,
        "IdHabitacion": 54,
        "NumeroCama": 104,
        "EstadoCama": "Disponible",
        "Habilitada": true
    },
    {
        "IdCama": 105,
        "IdHabitacion": 55,
        "NumeroCama": 105,
        "EstadoCama": "Disponible",
        "Habilitada": true
    },
    {
        "IdCama": 106,
        "IdHabitacion": 56,
        "NumeroCama": 106,
        "EstadoCama": "Disponible",
        "Habilitada": true
    },
    {
        "IdCama": 107,
        "IdHabitacion": 57,
        "NumeroCama": 107,
        "EstadoCama": "Disponible",
        "Habilitada": true
    },
    {
        "IdCama": 108,
        "IdHabitacion": 58,
        "NumeroCama": 108,
        "EstadoCama": "Disponible",
        "Habilitada": true
    },
    {
        "IdCama": 109,
        "IdHabitacion": 59,
        "NumeroCama": 109,
        "EstadoCama": "Disponible",
        "Habilitada": true
    },
    {
        "IdCama": 110,
        "IdHabitacion": 60,
        "NumeroCama": 110,
        "EstadoCama": "Disponible",
        "Habilitada": true
    },
    {
        "IdCama": 111,
        "IdHabitacion": 61,
        "NumeroCama": 111,
        "EstadoCama": "Disponible",
        "Habilitada": true
    },
    {
        "IdCama": 112,
        "IdHabitacion": 62,
        "NumeroCama": 112,
        "EstadoCama": "Disponible",
        "Habilitada": true
    },
    {
        "IdCama": 113,
        "IdHabitacion": 63,
        "NumeroCama": 113,
        "EstadoCama": "Disponible",
        "Habilitada": true
    },
    {
        "IdCama": 114,
        "IdHabitacion": 64,
        "NumeroCama": 114,
        "EstadoCama": "Disponible",
        "Habilitada": true
    },
    {
        "IdCama": 115,
        "IdHabitacion": 65,
        "NumeroCama": 115,
        "EstadoCama": "Disponible",
        "Habilitada": true
    },
    {
        "IdCama": 116,
        "IdHabitacion": 66,
        "NumeroCama": 116,
        "EstadoCama": "Disponible",
        "Habilitada": true
    },
    {
        "IdCama": 117,
        "IdHabitacion": 67,
        "NumeroCama": 117,
        "EstadoCama": "Disponible",
        "Habilitada": true
    },
    {
        "IdCama": 118,
        "IdHabitacion": 68,
        "NumeroCama": 118,
        "EstadoCama": "Disponible",
        "Habilitada": true
    },
    {
        "IdCama": 119,
        "IdHabitacion": 69,
        "NumeroCama": 119,
        "EstadoCama": "Disponible",
        "Habilitada": true
    },
    {
        "IdCama": 120,
        "IdHabitacion": 70,
        "NumeroCama": 120,
        "EstadoCama": "Disponible",
        "Habilitada": true
    },
    {
        "IdCama": 121,
        "IdHabitacion": 71,
        "NumeroCama": 121,
        "EstadoCama": "Disponible",
        "Habilitada": true
    },
    {
        "IdCama": 122,
        "IdHabitacion": 72,
        "NumeroCama": 122,
        "EstadoCama": "Disponible",
        "Habilitada": true
    },
    {
        "IdCama": 123,
        "IdHabitacion": 73,
        "NumeroCama": 123,
        "EstadoCama": "Disponible",
        "Habilitada": true
    },
    {
        "IdCama": 124,
        "IdHabitacion": 74,
        "NumeroCama": 124,
        "EstadoCama": "Disponible",
        "Habilitada": true
    },
    {
        "IdCama": 125,
        "IdHabitacion": 75,
        "NumeroCama": 125,
        "EstadoCama": "Disponible",
        "Habilitada": true
    },
    {
        "IdCama": 126,
        "IdHabitacion": 76,
        "NumeroCama": 126,
        "EstadoCama": "Disponible",
        "Habilitada": true
    },
    {
        "IdCama": 127,
        "IdHabitacion": 77,
        "NumeroCama": 127,
        "EstadoCama": "Disponible",
        "Habilitada": true
    },
    {
        "IdCama": 128,
        "IdHabitacion": 78,
        "NumeroCama": 128,
        "EstadoCama": "Disponible",
        "Habilitada": true
    },
    {
        "IdCama": 129,
        "IdHabitacion": 79,
        "NumeroCama": 129,
        "EstadoCama": "Disponible",
        "Habilitada": true
    },
    {
        "IdCama": 130,
        "IdHabitacion": 80,
        "NumeroCama": 130,
        "EstadoCama": "Disponible",
        "Habilitada": true
    },
    {
        "IdCama": 131,
        "IdHabitacion": 81,
        "NumeroCama": 131,
        "EstadoCama": "Disponible",
        "Habilitada": true
    },
    {
        "IdCama": 132,
        "IdHabitacion": 82,
        "NumeroCama": 132,
        "EstadoCama": "Disponible",
        "Habilitada": true
    },
    {
        "IdCama": 133,
        "IdHabitacion": 83,
        "NumeroCama": 133,
        "EstadoCama": "Disponible",
        "Habilitada": true
    },
    {
        "IdCama": 134,
        "IdHabitacion": 84,
        "NumeroCama": 134,
        "EstadoCama": "Disponible",
        "Habilitada": true
    },
    {
        "IdCama": 135,
        "IdHabitacion": 85,
        "NumeroCama": 135,
        "EstadoCama": "Disponible",
        "Habilitada": true
    },
    {
        "IdCama": 136,
        "IdHabitacion": 86,
        "NumeroCama": 136,
        "EstadoCama": "Disponible",
        "Habilitada": true
    },
    {
        "IdCama": 137,
        "IdHabitacion": 87,
        "NumeroCama": 137,
        "EstadoCama": "Disponible",
        "Habilitada": true
    },
    {
        "IdCama": 138,
        "IdHabitacion": 88,
        "NumeroCama": 138,
        "EstadoCama": "Disponible",
        "Habilitada": true
    },
    {
        "IdCama": 139,
        "IdHabitacion": 89,
        "NumeroCama": 139,
        "EstadoCama": "Disponible",
        "Habilitada": true
    },
    {
        "IdCama": 140,
        "IdHabitacion": 90,
        "NumeroCama": 140,
        "EstadoCama": "Disponible",
        "Habilitada": true
    },
    {
        "IdCama": 141,
        "IdHabitacion": 91,
        "NumeroCama": 141,
        "EstadoCama": "Disponible",
        "Habilitada": true
    },
    {
        "IdCama": 142,
        "IdHabitacion": 92,
        "NumeroCama": 142,
        "EstadoCama": "Disponible",
        "Habilitada": true
    },
    {
        "IdCama": 143,
        "IdHabitacion": 93,
        "NumeroCama": 143,
        "EstadoCama": "Disponible",
        "Habilitada": true
    },
    {
        "IdCama": 144,
        "IdHabitacion": 94,
        "NumeroCama": 144,
        "EstadoCama": "Disponible",
        "Habilitada": true
    },
    {
        "IdCama": 145,
        "IdHabitacion": 95,
        "NumeroCama": 145,
        "EstadoCama": "Disponible",
        "Habilitada": true
    },
    {
        "IdCama": 146,
        "IdHabitacion": 96,
        "NumeroCama": 146,
        "EstadoCama": "Disponible",
        "Habilitada": true
    },
    {
        "IdCama": 147,
        "IdHabitacion": 97,
        "NumeroCama": 147,
        "EstadoCama": "Disponible",
        "Habilitada": true
    },
    {
        "IdCama": 148,
        "IdHabitacion": 98,
        "NumeroCama": 148,
        "EstadoCama": "Disponible",
        "Habilitada": true
    },
    {
        "IdCama": 149,
        "IdHabitacion": 99,
        "NumeroCama": 149,
        "EstadoCama": "Disponible",
        "Habilitada": true
    },
    {
        "IdCama": 150,
        "IdHabitacion": 100,
        "NumeroCama": 150,
        "EstadoCama": "Disponible",
        "Habilitada": true
    }
]