[
    {
        "IdHabitacion": 1,
        "NumeroHabitacion": 101,
        "TipoHabitacion": "Compartida",
        "Habilitada": true
    },
    {
        "IdHabitacion": 2,
        "NumeroHabitacion": 102,
        "TipoHabitacion": "Compartida",
        "Habilitada": true
    },
    {
        "IdHabitacion": 3,
        "NumeroHabitacion": 103,
        "TipoHabitacion": "Compartida",
        "Habilitada": true
    },
    {
        "IdHabitacion": 4,
        "NumeroHabitacion": 104,
        "TipoHabitacion": "Compartida",
        "Habilitada": true
    },
    {
        "IdHabitacion": 5,
        "NumeroHabitacion": 105,
        "TipoHabitacion": "Compartida",
        "Habilitada": true
    },
    {
        "IdHabitacion": 6,
        "NumeroHabitacion": 106,
        "TipoHabitacion": "Compartida",
        "Habilitada": true
    },
    {
        "IdHabitacion": 7,
        "NumeroHabitacion": 107,
        "TipoHabitacion": "Compartida",
        "Habilitada": true
    },
    {
        "IdHabitacion": 8,
        "NumeroHabitacion": 108,
        "TipoHabitacion": "Compartida",
        "Habilitada": true
    },
    {
        "IdHabitacion": 9,
        "NumeroHabitacion": 109,
        "TipoHabitacion": "Compartida",
        "Habilitada": true
    },
    {
        "IdHabitacion": 10,
        "NumeroHabitacion": 110,
        "TipoHabitacion": "Compartida",
        "Habilitada": true
    },
    {
        "IdHabitacion": 11,
        "NumeroHabitacion": 111,
        "TipoHabitacion": "Compartida",
        "Habilitada": true
    },
    {
        "IdHabitacion": 12,
        "NumeroHabitacion": 112,
        "TipoHabitacion": "Compartida",
        "Habilitada": true
    },
    {
        "IdHabitacion": 13,
        "NumeroHabitacion": 113,
        "TipoHabitacion": "Compartida",
        "Habilitada": true
    },
    {
        "IdHabitacion": 14,
        "NumeroHabitacion": 114,
        "TipoHabitacion": "Compartida",
        "Habilitada": true
    },
    {
        "IdHabitacion": 15,
        "NumeroHabitacion": 115,
        "TipoHabitacion": "Compartida",
        "Habilitada": true
    },
    {
        "IdHabitacion": 16,
        "NumeroHabitacion": 116,
        "TipoHabitacion": "Compartida",
        "Habilitada": true
    },
    {
        "IdHabitacion": 17,
        "NumeroHabitacion": 117,
        "TipoHabitacion": "Compartida",
        "Habilitada": true
    },
    {
        "IdHabitacion": 18,
        "NumeroHabitacion": 118,
        "TipoHabitacion": "Compartida",
        "Habilitada": true
    },
    {
        "IdHabitacion": 19,
        "NumeroHabitacion": 119,
        "TipoHabitacion": "Compartida",
        "Habilitada": true
    },
    {
        "IdHabitacion": 20,
        "NumeroHabitacion": 120,
        "TipoHabitacion": "Compartida",
        "Habilitada": true
    },
    {
        "IdHabitacion": 21,
        "NumeroHabitacion": 121,
        "TipoHabitacion": "Compartida",
        "Habilitada": true
    },
    {
        "IdHabitacion": 22,
        "NumeroHabitacion": 122,
        "TipoHabitacion": "Compartida",
        "Habilitada": true
    },
    {
        "IdHabitacion": 23,
        "NumeroHabitacion": 123,
        "TipoHabitacion": "Compartida",
        "Habilitada": true
    },
    {
        "IdHabitacion": 24,
        "NumeroHabitacion": 124,
        "TipoHabitacion": "Compartida",
        "Habilitada": true
    },
    {
        "IdHabitacion": 25,
        "NumeroHabitacion": 125,
        "TipoHabitacion": "Compartida",
        "Habilitada": true
    },
    {
        "IdHabitacion": 26,
        "NumeroHabitacion": 126,
        "TipoHabitacion": "Compartida",
        "Habilitada": true
    },
    {
        "IdHabitacion": 27,
        "NumeroHabitacion": 127,
        "TipoHabitacion": "Compartida",
        "Habilitada": true
    },
    {
        "IdHabitacion": 28,
        "NumeroHabitacion": 128,
        "TipoHabitacion": "Compartida",
        "Habilitada": true
    },
    {
        "IdHabitacion": 29,
        "NumeroHabitacion": 129,
        "TipoHabitacion": "Compartida",
        "Habilitada": true
    },
    {
        "IdHabitacion": 30,
        "NumeroHabitacion": 130,
        "TipoHabitacion": "Compartida",
        "Habilitada": true
    },
    {
        "IdHabitacion": 31,
        "NumeroHabitacion": 131,
        "TipoHabitacion": "Compartida",
        "Habilitada": true
    },
    {
        "IdHabitacion": 32,
        "NumeroHabitacion": 132,
        "TipoHabitacion": "Compartida",
        "Habilitada": true
    },
    {
        "IdHabitacion": 33,
        "NumeroHabitacion": 133,
        "TipoHabitacion": "Compartida",
        "Habilitada": true
    },
    {
        "IdHabitacion": 34,
        "NumeroHabitacion": 134,
        "TipoHabitacion": "Compartida",
        "Habilitada": true
    },
    {
        "IdHabitacion": 35,
        "NumeroHabitacion": 135,
        "TipoHabitacion": "Compartida",
        "Habilitada": true
    },
    {
        "IdHabitacion": 36,
        "NumeroHabitacion": 136,
        "TipoHabitacion": "Compartida",
        "Habilitada": true
    },
    {
        "IdHabitacion": 37,
        "NumeroHabitacion": 137,
        "TipoHabitacion": "Compartida",
        "Habilitada": true
    },
    {
        "IdHabitacion": 38,
        "NumeroHabitacion": 138,
        "TipoHabitacion": "Compartida",
        "Habilitada": true
    },
    {
        "IdHabitacion": 39,
        "NumeroHabitacion": 139,
        "TipoHabitacion": "Compartida",
        "Habilitada": true
    },
    {
        "IdHabitacion": 40,
        "NumeroHabitacion": 140,
        "TipoHabitacion": "Compartida",
        "Habilitada": true
    },
    {
        "IdHabitacion": 41,
        "NumeroHabitacion": 141,
        "TipoHabitacion": "Compartida",
        "Habilitada": true
    },
    {
        "IdHabitacion": 42,
        "NumeroHabitacion": 142,
        "TipoHabitacion": "Compartida",
        "Habilitada": true
    },
    {
        "IdHabitacion": 43,
        "NumeroHabitacion": 143,
        "TipoHabitacion": "Compartida",
        "Habilitada": true
    },
    {
        "IdHabitacion": 44,
        "NumeroHabitacion": 144,
        "TipoHabitacion": "Compartida",
        "Habilitada": true
    },
    {
        "IdHabitacion": 45,
        "NumeroHabitacion": 145,
        "TipoHabitacion": "Compartida",
        "Habilitada": true
    },
    {
        "IdHabitacion": 46,
        "NumeroHabitacion": 146,
        "TipoHabitacion": "Compartida",
        "Habilitada": true
    },
    {
        "IdHabitacion": 47,
        "NumeroHabitacion": 147,
        "TipoHabitacion": "Compartida",
        "Habilitada": true
    },
    {
        "IdHabitacion": 48,
        "NumeroHabitacion": 148,
        "TipoHabitacion": "Compartida",
        "Habilitada": true
    },
    {
        "IdHabitacion": 49,
        "NumeroHabitacion": 149,
        "TipoHabitacion": "Compartida",
        "Habilitada": true
    },
    {
        "IdHabitacion": 50,
        "NumeroHabitacion": 150,
        "TipoHabitacion": "Compartida",
        "Habilitada": true
    },
    {
        "IdHabitacion": 51,
        "NumeroHabitacion": 151,
        "TipoHabitacion": "Individual",
        "Habilitada": true
    },
    {
        "IdHabitacion": 52,
        "NumeroHabitacion": 152,
        "TipoHabitacion": "Individual",
        "Habilitada": true
    },
    {
        "IdHabitacion": 53,
        "NumeroHabitacion": 153,
        "TipoHabitacion": "Individual",
        "Habilitada": true
    },
    {
        "IdHabitacion": 54,
        "NumeroHabitacion": 154,
        "TipoHabitacion": "Individual",
        "Habilitada": true
    },
    {
        "IdHabitacion": 55,
        "NumeroHabitacion": 155,
        "TipoHabitacion": "Individual",
        "Habilitada": true
    },
    {
        "IdHabitacion": 56,
        "NumeroHabitacion": 156,
        "TipoHabitacion": "Individual",
        "Habilitada": true
    },
    {
        "IdHabitacion": 57,
        "NumeroHabitacion": 157,
        "TipoHabitacion": "Individual",
        "Habilitada": true
    },
    {
        "IdHabitacion": 58,
        "NumeroHabitacion": 158,
        "TipoHabitacion": "Individual",
        "Habilitada": true
    },
    {
        "IdHabitacion": 59,
        "NumeroHabitacion": 159,
        "TipoHabitacion": "Individual",
        "Habilitada": true
    },
    {
        "IdHabitacion": 60,
        "NumeroHabitacion": 160,
        "TipoHabitacion": "Individual",
        "Habilitada": true
    },
    {
        "IdHabitacion": 61,
        "NumeroHabitacion": 161,
        "TipoHabitacion": "Individual",
        "Habilitada": true
    },
    {
        "IdHabitacion": 62,
        "NumeroHabitacion": 162,
        "TipoHabitacion": "Individual",
        "Habilitada": true
    },
    {
        "IdHabitacion": 63,
        "NumeroHabitacion": 163,
        "TipoHabitacion": "Individual",
        "Habilitada": true
    },
    {
        "IdHabitacion": 64,
        "NumeroHabitacion": 164,
        "TipoHabitacion": "Individual",
        "Habilitada": true
    },
    {
        "IdHabitacion": 65,
        "NumeroHabitacion": 165,
        "TipoHabitacion": "Individual",
        "Habilitada": true
    },
    {
        "IdHabitacion": 66,
        "NumeroHabitacion": 166,
        "TipoHabitacion": "Individual",
        "Habilitada": true
    },
    {
        "IdHabitacion": 67,
        "NumeroHabitacion": 167,
        "TipoHabitacion": "Individual",
        "Habilitada": true
    },
    {
        "IdHabitacion": 68,
        "NumeroHabitacion": 168,
        "TipoHabitacion": "Individual",
        "Habilitada": true
    },
    {
        "IdHabitacion": 69,
        "NumeroHabitacion": 169,
        "TipoHabitacion": "Individual",
        "Habilitada": true
    },
    {
        "IdHabitacion": 70,
        "NumeroHabitacion": 170,
        "TipoHabitacion": "Individual",
        "Habilitada": true
    },
    {
        "IdHabitacion": 71,
        "NumeroHabitacion": 171,
        "TipoHabitacion": "Individual",
        "Habilitada": true
    },
    {
        "IdHabitacion": 72,
        "NumeroHabitacion": 172,
        "TipoHabitacion": "Individual",
        "Habilitada": true
    },
    {
        "IdHabitacion": 73,
        "NumeroHabitacion": 173,
        "TipoHabitacion": "Individual",
        "Habilitada": true
    },
    {
        "IdHabitacion": 74,
        "NumeroHabitacion": 174,
        "TipoHabitacion": "Individual",
        "Habilitada": true
    },
    {
        "IdHabitacion": 75,
        "NumeroHabitacion": 175,
        "TipoHabitacion": "Individual",
        "Habilitada": true
    },
    {
        "IdHabitacion": 76,
        "NumeroHabitacion": 176,
        "TipoHabitacion": "Individual",
        "Habilitada": true
    },
    {
        "IdHabitacion": 77,
        "NumeroHabitacion": 177,
        "TipoHabitacion": "Individual",
        "Habilitada": true
    },
    {
        "IdHabitacion": 78,
        "NumeroHabitacion": 178,
        "TipoHabitacion": "Individual",
        "Habilitada": true
    },
    {
        "IdHabitacion": 79,
        "NumeroHabitacion": 179,
        "TipoHabitacion": "Individual",
        "Habilitada": true
    },
    {
        "IdHabitacion": 80,
        "NumeroHabitacion": 180,
        "TipoHabitacion": "Individual",
        "Habilitada": true
    },
    {
        "IdHabitacion": 81,
        "NumeroHabitacion": 181,
        "TipoHabitacion": "Individual",
        "Habilitada": true
    },
    {
        "IdHabitacion": 82,
        "NumeroHabitacion": 182,
        "TipoHabitacion": "Individual",
        "Habilitada": true
    },
    {
        "IdHabitacion": 83,
        "NumeroHabitacion": 183,
        "TipoHabitacion": "Individual",
        "Habilitada": true
    },
    {
        "IdHabitacion": 84,
        "NumeroHabitacion": 184,
        "TipoHabitacion": "Individual",
        "Habilitada": true
    },
    {
        "IdHabitacion": 85,
        "NumeroHabitacion": 185,
        "TipoHabitacion": "Individual",
        "Habilitada": true
    },
    {
        "IdHabitacion": 86,
        "NumeroHabitacion": 186,
        "TipoHabitacion": "Individual",
        "Habilitada": true
    },
    {
        "IdHabitacion": 87,
        "NumeroHabitacion": 187,
        "TipoHabitacion": "Individual",
        "Habilitada": true
    },
    {
        "IdHabitacion": 88,
        "NumeroHabitacion": 188,
        "TipoHabitacion": "Individual",
        "Habilitada": true
    },
    {
        "IdHabitacion": 89,
        "NumeroHabitacion": 189,
        "TipoHabitacion": "Individual",
        "Habilitada": true
    },
    {
        "IdHabitacion": 90,
        "NumeroHabitacion": 190,
        "TipoHabitacion": "Individual",
        "Habilitada": true
    },
    {
        "IdHabitacion": 91,
        "NumeroHabitacion": 191,
        "TipoHabitacion": "Individual",
        "Habilitada": true
    },
    {
        "IdHabitacion": 92,
        "NumeroHabitacion": 192,
        "TipoHabitacion": "Individual",
        "Habilitada": true
    },
    {
        "IdHabitacion": 93,
        "NumeroHabitacion": 193,
        "TipoHabitacion": "Individual",
        "Habilitada": true
    },
    {
        "IdHabitacion": 94,
        "NumeroHabitacion": 194,
        "TipoHabitacion": "Individual",
        "Habilitada": true
    },
    {
        "IdHabitacion": 95,
        "NumeroHabitacion": 195,
        "TipoHabitacion": "Individual",
        "Habilitada": true
    },
    {
        "IdHabitacion": 96,
        "NumeroHabitacion": 196,
        "TipoHabitacion": "Individual",
        "Habilitada": true
    },
    {
        "IdHabitacion": 97,
        "NumeroHabitacion": 197,
        "TipoHabitacion": "Individual",
        "Habilitada": true
    },
    {
        "IdHabitacion": 98,
        "NumeroHabitacion": 198,
        "TipoHabitacion": "Individual",
        "Habilitada": true
    },
    {
        "IdHabitacion": 99,
        "NumeroHabitacion": 199,
        "TipoHabitacion": "Individual",
        "Habilitada": true
    },
    {
        "IdHabitacion": 100,
        "NumeroHabitacion": 200,
        "TipoHabitacion": "Individual",
        "Habilitada": true
    }
]